date,value
28/04/2006,5258.43
1/05/2006,5309.86
2/05/2006,5273.42
3/05/2006,5274.46
4/05/2006,5190.35
5/05/2006,5256.81
8/05/2006,5324.98
9/05/2006,5326.52
10/05/2006,5354.14
11/05/2006,5366.21
12/05/2006,5332.12
15/05/2006,5235.65
16/05/2006,5215.27
17/05/2006,5216.92
18/05/2006,5117.03
19/05/2006,5099.19
22/05/2006,5025.91
23/05/2006,5007.88
24/05/2006,5033.55
25/05/2006,4972.4
26/05/2006,5049.36
29/05/2006,5105.6
30/05/2006,5101.82
31/05/2006,4999.86
1/06/2006,5057.22
2/06/2006,5072.83
5/06/2006,5116.11
6/06/2006,5033.2
7/06/2006,5022.08
8/06/2006,4903.83
9/06/2006,4959.87
13/06/2006,4832.66
14/06/2006,4842.49
15/06/2006,4862.95
16/06/2006,4962.79
19/06/2006,4896.76
20/06/2006,4856.33
21/06/2006,4913.77
22/06/2006,5004.82
23/06/2006,4959.75
26/06/2006,4960.23
27/06/2006,4993.33
28/06/2006,4941.87
29/06/2006,4991.81
30/06/2006,5068.88
3/07/2006,5087.51
4/07/2006,5099.85
5/07/2006,5093.09
6/07/2006,5116.24
7/07/2006,5132.48
10/07/2006,5139.36
11/07/2006,5104.38
12/07/2006,5126.56
13/07/2006,5083.54
14/07/2006,4965.9
17/07/2006,4954.24
18/07/2006,4921.89
19/07/2006,4898.44
20/07/2006,4994.35
21/07/2006,4958.07
24/07/2006,4930.52
25/07/2006,4987.83
26/07/2006,4932.14
27/07/2006,5003.89
28/07/2006,4955.81
31/07/2006,4983.09
1/08/2006,4978.15
2/08/2006,4929.63
3/08/2006,4993.9
4/08/2006,4953.23
7/08/2006,4959.12
8/08/2006,5020.63
9/08/2006,4958.52
10/08/2006,4950.22
11/08/2006,4945.98
14/08/2006,4967.68
15/08/2006,4932.74
16/08/2006,4958.05
17/08/2006,5051.3
18/08/2006,5048.37
21/08/2006,5060.01
22/08/2006,5073.69
23/08/2006,5080.51
24/08/2006,4987.84
25/08/2006,5023.17
28/08/2006,5023.72
29/08/2006,5065.8
30/08/2006,5065.78
31/08/2006,5113.73
1/09/2006,5096.4
4/09/2006,5127.83
5/09/2006,5149.04
6/09/2006,5113.87
7/09/2006,5109.52
8/09/2006,5098.51
11/09/2006,5025.88
12/09/2006,4972.74
13/09/2006,5014.82
14/09/2006,5067.57
15/09/2006,5033.04
18/09/2006,5067.32
19/09/2006,5052.49
20/09/2006,4995.56
21/09/2006,4992.52
22/09/2006,4980.24
25/09/2006,4983.96
26/09/2006,4987.17
27/09/2006,5089.83
28/09/2006,5110.85
29/09/2006,5150.84
2/10/2006,5176.12
3/10/2006,5181.61
4/10/2006,5140.35
5/10/2006,5216.02
6/10/2006,5218.14
9/10/2006,5198.28
10/10/2006,5247.15
11/10/2006,5281.48
12/10/2006,5259.44
13/10/2006,5289.34
16/10/2006,5311.06
17/10/2006,5283.26
18/10/2006,5315.24
19/10/2006,5288.47
20/10/2006,5338.05
23/10/2006,5337.14
24/10/2006,5321.2
25/10/2006,5356.4
26/10/2006,5393.18
27/10/2006,5362.4
30/10/2006,5402.52
31/10/2006,5388.33
1/11/2006,5420.25
2/11/2006,5414.14
3/11/2006,5437
6/11/2006,5449.52
7/11/2006,5496.2
8/11/2006,5464.27
9/11/2006,5434.31
10/11/2006,5442.44
13/11/2006,5423.84
14/11/2006,5440.34
15/11/2006,5434.25
16/11/2006,5397.07
17/11/2006,5424.06
20/11/2006,5328.21
21/11/2006,5364.28
22/11/2006,5451.48
23/11/2006,5471.97
24/11/2006,5459.99
27/11/2006,5459.56
28/11/2006,5392.4
29/11/2006,5460.26
30/11/2006,5489.72
1/12/2006,5437.19
4/12/2006,5434.21
5/12/2006,5435.04
6/12/2006,5475.01
7/12/2006,5473.54
8/12/2006,5434.69
11/12/2006,5478.03
12/12/2006,5482.04
13/12/2006,5496.25
14/12/2006,5580.3
15/12/2006,5582.71
18/12/2006,5599.12
19/12/2006,5566.89
20/12/2006,5614.69
21/12/2006,5589.88
22/12/2006,5609.3
27/12/2006,5649.12
28/12/2006,5666.71
29/12/2006,5676.54
2/01/2007,5677.58
3/01/2007,5657.42
4/01/2007,5592.24
5/01/2007,5579.74
8/01/2007,5509.56
9/01/2007,5596
10/01/2007,5527.95
11/01/2007,5571.06
12/01/2007,5644.47
15/01/2007,5680.03
16/01/2007,5680.49
17/01/2007,5654.18
18/01/2007,5679.96
19/01/2007,5681.03
22/01/2007,5734.45
23/01/2007,5743.59
24/01/2007,5777.36
25/01/2007,5778.8
29/01/2007,5769.96
30/01/2007,5821.81
31/01/2007,5783.57
1/02/2007,5824.15
2/02/2007,5841.69
5/02/2007,5831.94
6/02/2007,5878.75
7/02/2007,5906.9
8/02/2007,5907.3
9/02/2007,5935.04
12/02/2007,5932.66
13/02/2007,5944.94
14/02/2007,5969.69
15/02/2007,6001.96
16/02/2007,5963.4
19/02/2007,5999.5
20/02/2007,5999.3
21/02/2007,5961.26
22/02/2007,6025.99
23/02/2007,6044.84
26/02/2007,6053.14
27/02/2007,6004.86
28/02/2007,5842.87
1/03/2007,5821.67
2/03/2007,5797.19
5/03/2007,5663.31
6/03/2007,5780.32
7/03/2007,5834.59
8/03/2007,5831.12
9/03/2007,5839.61
12/03/2007,5899.85
13/03/2007,5874.88
14/03/2007,5752.81
15/03/2007,5862.34
16/03/2007,5846.89
19/03/2007,5869.76
20/03/2007,5887.64
21/03/2007,5873.78
22/03/2007,5966.56
23/03/2007,5963.28
26/03/2007,6001.09
27/03/2007,5976.2
28/03/2007,5936.18
29/03/2007,5973.32
30/03/2007,6006.16
2/04/2007,5928.88
3/04/2007,6024.19
4/04/2007,6108.36
5/04/2007,6089.91
10/04/2007,6166.13
11/04/2007,6165.21
12/04/2007,6172.42
13/04/2007,6150.07
16/04/2007,6211.57
17/04/2007,6199.4
18/04/2007,6249.02
19/04/2007,6177.82
20/04/2007,6219.53
23/04/2007,6223.01
24/04/2007,6202.45
26/04/2007,6227.49
27/04/2007,6167.63
30/04/2007,6183.85
1/05/2007,6163.27
2/05/2007,6253.23
3/05/2007,6262.48
4/05/2007,6320.81
7/05/2007,6352.04
8/05/2007,6319.95
9/05/2007,6355.23
10/05/2007,6369.84
11/05/2007,6312.79
14/05/2007,6359.96
15/05/2007,6306.4
16/05/2007,6310.46
17/05/2007,6380.89
18/05/2007,6327.47
21/05/2007,6383.97
22/05/2007,6354.35
23/05/2007,6370.41
24/05/2007,6294.43
25/05/2007,6267.77
28/05/2007,6267.17
29/05/2007,6333.09
30/05/2007,6260.99
31/05/2007,6332.31
1/06/2007,6352.37
4/06/2007,6411.58
5/06/2007,6390.98
6/06/2007,6358.57
7/06/2007,6332.2
8/06/2007,6252.62
12/06/2007,6261.85
13/06/2007,6202.63
14/06/2007,6281.18
15/06/2007,6313.37
18/06/2007,6362.23
19/06/2007,6391.34
20/06/2007,6416.58
21/06/2007,6407.18
22/06/2007,6403.44
25/06/2007,6350.15
26/06/2007,6327.69
27/06/2007,6203.86
28/06/2007,6286.01
29/06/2007,6296.89
2/07/2007,6284.45
3/07/2007,6319.68
4/07/2007,6318.61
5/07/2007,6380.65
6/07/2007,6369.95
9/07/2007,6418.46
10/07/2007,6380.46
11/07/2007,6344
12/07/2007,6382.5
13/07/2007,6408.94
16/07/2007,6401.78
17/07/2007,6402.2
18/07/2007,6350.21
19/07/2007,6406
20/07/2007,6444.08
23/07/2007,6413.79
24/07/2007,6445.22
25/07/2007,6364.6
26/07/2007,6283.38
27/07/2007,6106.98
30/07/2007,6132.29
31/07/2007,6168.14
1/08/2007,5964.75
2/08/2007,6032.98
3/08/2007,6041.95
6/08/2007,5939.53
7/08/2007,6004.1
8/08/2007,6118.97
9/08/2007,6183.75
10/08/2007,5954.9
13/08/2007,6026.79
14/08/2007,5980.26
15/08/2007,5801.6
16/08/2007,5721.92
17/08/2007,5680.68
20/08/2007,5941.3
21/08/2007,5998.15
22/08/2007,6014.6
23/08/2007,6168.91
24/08/2007,6098.84
27/08/2007,6196.84
28/08/2007,6188.33
29/08/2007,6112.99
30/08/2007,6147.6
31/08/2007,6258.87
3/09/2007,6279.71
4/09/2007,6304.02
5/09/2007,6275.25
6/09/2007,6262.76
7/09/2007,6291
10/09/2007,6203.94
11/09/2007,6246.94
12/09/2007,6232.9
13/09/2007,6243.05
14/09/2007,6318.85
17/09/2007,6284.19
18/09/2007,6206.21
19/09/2007,6367.17
20/09/2007,6404.41
21/09/2007,6369.71
24/09/2007,6461.48
25/09/2007,6492.92
26/09/2007,6493.1
27/09/2007,6549.41
28/09/2007,6580.84
1/10/2007,6576.89
2/10/2007,6670.34
3/10/2007,6668.66
4/10/2007,6579.09
5/10/2007,6616.05
8/10/2007,6663.9
9/10/2007,6687.12
10/10/2007,6747.96
11/10/2007,6781.67
12/10/2007,6759.88
15/10/2007,6750.46
16/10/2007,6706.08
17/10/2007,6693.83
18/10/2007,6780.77
19/10/2007,6721.84
22/10/2007,6591.82
23/10/2007,6674.39
24/10/2007,6649.02
25/10/2007,6639.32
26/10/2007,6713.57
29/10/2007,6805.2
30/10/2007,6764.53
31/10/2007,6770.63
1/11/2007,6845.38
2/11/2007,6714.12
5/11/2007,6602.14
6/11/2007,6646.26
7/11/2007,6711.28
8/11/2007,6543.09
9/11/2007,6567.19
12/11/2007,6476.28
13/11/2007,6532.39
14/11/2007,6616.2
15/11/2007,6548.83
16/11/2007,6482.43
19/11/2007,6554.32
20/11/2007,6445.53
21/11/2007,6403.34
22/11/2007,6351.89
23/11/2007,6347.13
26/11/2007,6485.96
27/11/2007,6447.17
28/11/2007,6385.18
29/11/2007,6457.9
30/11/2007,6545.95
3/12/2007,6545.86
4/12/2007,6542.91
5/12/2007,6521.38
6/12/2007,6614.53
7/12/2007,6669.01
10/12/2007,6640.12
11/12/2007,6693.65
12/12/2007,6629.26
13/12/2007,6612.03
14/12/2007,6505.35
17/12/2007,6277.3
18/12/2007,6247.78
19/12/2007,6231.08
20/12/2007,6192.67
21/12/2007,6260.07
24/12/2007,6337.11
27/12/2007,6366.97
28/12/2007,6355.96
31/12/2007,6356.72
2/01/2008,6368.62
3/01/2008,6306.77
4/01/2008,6323.57
7/01/2008,6178.91
8/01/2008,6145.04
9/01/2008,6104.36
10/01/2008,6094.02
11/01/2008,5996.97
14/01/2008,5992.53
15/01/2008,5972.13
16/01/2008,5820.95
17/01/2008,5807.4
18/01/2008,5756.01
21/01/2008,5589.63
22/01/2008,5191.44
23/01/2008,5415.62
24/01/2008,5583.86
25/01/2008,5863.41
29/01/2008,5721.97
30/01/2008,5625.18
31/01/2008,5655.82
1/02/2008,5845.79
4/02/2008,5872.44
5/02/2008,5799.52
6/02/2008,5616.83
7/02/2008,5605.83
8/02/2008,5666.7
11/02/2008,5547.8
12/02/2008,5616.16
13/02/2008,5550.93
14/02/2008,5690.28
15/02/2008,5613.17
18/02/2008,5564.7
19/02/2008,5623.9
20/02/2008,5504.59
21/02/2008,5589.55
22/02/2008,5567.42
25/02/2008,5627.86
26/02/2008,5672.13
27/02/2008,5770.92
28/02/2008,5657.32
29/02/2008,5579.57
3/03/2008,5413.07
4/03/2008,5387.82
5/03/2008,5382.35
6/03/2008,5440.96
7/03/2008,5271.53
10/03/2008,5186.18
11/03/2008,5137.01
12/03/2008,5259.76
13/03/2008,5139.48
14/03/2008,5212
17/03/2008,5093.03
18/03/2008,5091.65
19/03/2008,5289.9
20/03/2008,5129.43
25/03/2008,5316.59
26/03/2008,5381.15
27/03/2008,5372.33
28/03/2008,5352.73
31/03/2008,5357.05
1/04/2008,5361.27
2/04/2008,5499.56
3/04/2008,5605.14
4/04/2008,5615.36
7/04/2008,5622.65
8/04/2008,5570.76
9/04/2008,5519.89
10/04/2008,5446.26
11/04/2008,5438.94
14/04/2008,5342.79
15/04/2008,5400.4
16/04/2008,5469.28
17/04/2008,5518
18/04/2008,5430.49
21/04/2008,5597.93
22/04/2008,5563.05
23/04/2008,5648.57
24/04/2008,5584.48
28/04/2008,5600.91
29/04/2008,5605.84
30/04/2008,5595.63
1/05/2008,5587.79
2/05/2008,5700.43
5/05/2008,5732.51
6/05/2008,5704.91
7/05/2008,5673.47
8/05/2008,5727.11
9/05/2008,5775.25
12/05/2008,5831.06
13/05/2008,5815.14
14/05/2008,5873.41
15/05/2008,5892.86
16/05/2008,5933.04
19/05/2008,5952.97
20/05/2008,5913.16
21/05/2008,5830.58
22/05/2008,5833.14
23/05/2008,5775.37
26/05/2008,5715.02
27/05/2008,5722.57
28/05/2008,5656.93
29/05/2008,5717.07
30/05/2008,5665.88
2/06/2008,5670.71
3/06/2008,5583.64
4/06/2008,5592.82
5/06/2008,5537.17
6/06/2008,5598.58
10/06/2008,5445.65
11/06/2008,5473.19
12/06/2008,5335.78
13/06/2008,5384
16/06/2008,5377.35
17/06/2008,5429.02
18/06/2008,5449.15
19/06/2008,5373.41
20/06/2008,5295.5
23/06/2008,5289.96
24/06/2008,5294.92
25/06/2008,5244.02
26/06/2008,5311.24
27/06/2008,5238.24
30/06/2008,5218.99
1/07/2008,5143.7
2/07/2008,5099.99
3/07/2008,5001.35
4/07/2008,5083.09
7/07/2008,5004.32
8/07/2008,4933.66
9/07/2008,5010.25
10/07/2008,4935.77
11/07/2008,4978.6
14/07/2008,4920.18
15/07/2008,4816.63
16/07/2008,4868.51
17/07/2008,4898.54
18/07/2008,4837.1
21/07/2008,5005.51
22/07/2008,5001.13
23/07/2008,5099.81
24/07/2008,5137.31
25/07/2008,4966.3
28/07/2008,4918.35
29/07/2008,4844.47
30/07/2008,4933.39
31/07/2008,4973.84
1/08/2008,4901.02
4/08/2008,4884.88
5/08/2008,4816.01
6/08/2008,4962.05
7/08/2008,4974.93
8/08/2008,4978.49
11/08/2008,5017.98
12/08/2008,5044.86
13/08/2008,4943.53
14/08/2008,4973.82
15/08/2008,4974.91
18/08/2008,4977.44
19/08/2008,4860.14
20/08/2008,4922.18
21/08/2008,4869.4
22/08/2008,4925.97
25/08/2008,5008.39
26/08/2008,5001.09
27/08/2008,5005.15
28/08/2008,5060.71
29/08/2008,5130.24
1/09/2008,5113.51
2/09/2008,5112.25
3/09/2008,5055.56
4/09/2008,4974.68
5/09/2008,4873.1
8/09/2008,5060.71
9/09/2008,4974.19
10/09/2008,4899.03
11/09/2008,4807.41
12/09/2008,4895.7
15/09/2008,4810.13
16/09/2008,4741.45
17/09/2008,4713.35
18/09/2008,4598.4
19/09/2008,4793.75
22/09/2008,5007.23
23/09/2008,4912.12
24/09/2008,4969.46
25/09/2008,4916
26/09/2008,4894.18
29/09/2008,4797.04
30/09/2008,4590.79
1/10/2008,4781.37
2/10/2008,4748.32
3/10/2008,4681.99
6/10/2008,4526.78
7/10/2008,4600.39
8/10/2008,4369.71
9/10/2008,4300.62
10/10/2008,3942.19
13/10/2008,4160.28
14/10/2008,4315.91
15/10/2008,4280.81
16/10/2008,3995.46
17/10/2008,3952.23
20/10/2008,4118.51
21/10/2008,4276.62
22/10/2008,4132.15
23/10/2008,3951.54
24/10/2008,3847.73
27/10/2008,3785.91
28/10/2008,3770.84
29/10/2008,3823.23
30/10/2008,3977.21
31/10/2008,3996.58
3/11/2008,4198.5
4/11/2008,4192.65
5/11/2008,4312.52
6/11/2008,4127.5
7/11/2008,4029.96
10/11/2008,4085.14
11/11/2008,3939.61
12/11/2008,3905.49
13/11/2008,3678.7
14/11/2008,3729.94
17/11/2008,3636.07
18/11/2008,3507.01
19/11/2008,3482.84
20/11/2008,3335.85
21/11/2008,3397.3
24/11/2008,3406.5
25/11/2008,3601.55
26/11/2008,3519.31
27/11/2008,3567.38
28/11/2008,3719.36
1/12/2008,3659.9
2/12/2008,3508.63
3/12/2008,3514.7
4/12/2008,3512.66
5/12/2008,3470.54
8/12/2008,3608.82
9/12/2008,3582.78
10/12/2008,3618.3
11/12/2008,3576.5
12/12/2008,3491.06
15/12/2008,3570.71
16/12/2008,3536.36
17/12/2008,3552.29
18/12/2008,3563.11
19/12/2008,3597.17
22/12/2008,3540.34
23/12/2008,3514.11
24/12/2008,3564.2
29/12/2008,3603.4
30/12/2008,3636.36
31/12/2008,3704.12
2/01/2009,3697.4
5/01/2009,3673.08
6/01/2009,3728.12
7/01/2009,3765.52
8/01/2009,3680.63
9/01/2009,3721.94
12/01/2009,3670.31
13/01/2009,3642
14/01/2009,3673.74
15/01/2009,3517.82
16/01/2009,3538.41
19/01/2009,3575.57
20/01/2009,3464.08
21/01/2009,3429.93
22/01/2009,3473.06
23/01/2009,3331.11
27/01/2009,3430.19
28/01/2009,3480.21
29/01/2009,3509.8
30/01/2009,3524.72
2/02/2009,3482.31
3/02/2009,3492.85
4/02/2009,3422.95
5/02/2009,3413.27
6/02/2009,3454.22
9/02/2009,3492.56
10/02/2009,3472.61
11/02/2009,3458.66
12/02/2009,3498.28
13/02/2009,3542.75
16/02/2009,3501.94
17/02/2009,3450.07
18/02/2009,3399.3
19/02/2009,3433.71
20/02/2009,3387.59
23/02/2009,3337.34
24/02/2009,3317.71
25/02/2009,3313.58
26/02/2009,3330.77
27/02/2009,3330.29
2/03/2009,3237.74
3/03/2009,3205.93
4/03/2009,3154.69
5/03/2009,3176.32
6/03/2009,3133.79
9/03/2009,3142.97
10/03/2009,3171.68
11/03/2009,3231.08
12/03/2009,3222.08
13/03/2009,3330.44
16/03/2009,3333.72
17/03/2009,3435.95
18/03/2009,3430.74
19/03/2009,3464.64
20/03/2009,3450.41
23/03/2009,3533.81
24/03/2009,3563.81
25/03/2009,3593.63
26/03/2009,3631.54
27/03/2009,3657.93
30/03/2009,3591.14
31/03/2009,3569.71
1/04/2009,3567.26
2/04/2009,3667.62
3/04/2009,3722.68
6/04/2009,3744.13
7/04/2009,3695.06
8/04/2009,3608.35
9/04/2009,3659.64
14/04/2009,3740.48
15/04/2009,3735.71
16/04/2009,3764.26
17/04/2009,3765.45
20/04/2009,3758.39
21/04/2009,3667.21
22/04/2009,3658.39
23/04/2009,3732.83
24/04/2009,3702.34
27/04/2009,3722.33
28/04/2009,3699.99
29/04/2009,3687.38
30/04/2009,3772.21
1/05/2009,3761.92
4/05/2009,3874.04
5/05/2009,3883.55
6/05/2009,3860.47
7/05/2009,3931.99
8/05/2009,3935.54
11/05/2009,3921.03
12/05/2009,3872.06
13/05/2009,3851.63
14/05/2009,3719.05
15/05/2009,3768.03
18/05/2009,3729.82
19/05/2009,3810.01
20/05/2009,3817.48
21/05/2009,3807.67
22/05/2009,3756.13
25/05/2009,3732.7
26/05/2009,3782.56
27/05/2009,3796.1
28/05/2009,3751.26
29/05/2009,3813.64
1/06/2009,3890.79
2/06/2009,3950.54
3/06/2009,4012.13
4/06/2009,3930.65
5/06/2009,3967.33
9/06/2009,3931.39
10/06/2009,4019.95
11/06/2009,4042.71
12/06/2009,4057.83
15/06/2009,4027.6
16/06/2009,3957.63
17/06/2009,3899.72
18/06/2009,3887.58
19/06/2009,3894.98
22/06/2009,3913.1
23/06/2009,3791.74
24/06/2009,3801.79
25/06/2009,3850.9
26/06/2009,3899.44
29/06/2009,3882.18
30/06/2009,3948.68
1/07/2009,3869.44
2/07/2009,3873.62
3/07/2009,3824.65
6/07/2009,3780.22
7/07/2009,3763.01
8/07/2009,3762.98
9/07/2009,3758.11
10/07/2009,3788.62
13/07/2009,3732.72
14/07/2009,3861.41
15/07/2009,3918.72
16/07/2009,3989.7
17/07/2009,3994.34
20/07/2009,4043.58
21/07/2009,4044.59
22/07/2009,4062.52
23/07/2009,4059.58
24/07/2009,4084.79
27/07/2009,4133.98
28/07/2009,4162.67
29/07/2009,4136.28
30/07/2009,4183.64
31/07/2009,4238.25
3/08/2009,4259.16
4/08/2009,4304.22
5/08/2009,4259.54
6/08/2009,4320.41
7/08/2009,4294.21
10/08/2009,4300.07
11/08/2009,4327.46
12/08/2009,4338.93
13/08/2009,4432.42
14/08/2009,4458.59
17/08/2009,4385.48
18/08/2009,4377.34
19/08/2009,4371.38
20/08/2009,4374.91
21/08/2009,4288.36
24/08/2009,4422.93
25/08/2009,4403.84
26/08/2009,4452.72
27/08/2009,4448.66
28/08/2009,4487.13
31/08/2009,4476.71
1/09/2009,4511.23
2/09/2009,4435.57
3/09/2009,4429.02
4/09/2009,4435.49
7/09/2009,4454.61
8/09/2009,4524.33
9/09/2009,4523.5
10/09/2009,4571.37
11/09/2009,4596.21
14/09/2009,4532.22
15/09/2009,4541.84
16/09/2009,4650.89
17/09/2009,4715.33
18/09/2009,4694.99
21/09/2009,4678.74
22/09/2009,4665.72
23/09/2009,4736.2
24/09/2009,4703.11
25/09/2009,4714.38
28/09/2009,4677.71
29/09/2009,4752.17
30/09/2009,4742.05
1/10/2009,4700.57
2/10/2009,4600.96
5/10/2009,4572.45
6/10/2009,4591.56
7/10/2009,4695.04
8/10/2009,4767.6
9/10/2009,4753.45
12/10/2009,4740.73
13/10/2009,4786.47
14/10/2009,4832.16
15/10/2009,4860.43
16/10/2009,4837.58
19/10/2009,4794.57
20/10/2009,4847.45
21/10/2009,4839.81
22/10/2009,4813.5
23/10/2009,4859.37
26/10/2009,4830.49
27/10/2009,4753.23
28/10/2009,4683.99
29/10/2009,4572.36
30/10/2009,4642.07
2/11/2009,4539.4
3/11/2009,4531.22
4/11/2009,4539.91
5/11/2009,4508.57
6/11/2009,4594.77
9/11/2009,4675.28
10/11/2009,4733.95
11/11/2009,4757.53
12/11/2009,4748.47
13/11/2009,4707.82
16/11/2009,4756.15
17/11/2009,4730.34
18/11/2009,4739.75
19/11/2009,4749.77
20/11/2009,4686.86
23/11/2009,4717.99
24/11/2009,4686.43
25/11/2009,4722.86
26/11/2009,4709.95
27/11/2009,4574.22
30/11/2009,4701.52
1/12/2009,4719.43
2/12/2009,4763.35
3/12/2009,4775.77
4/12/2009,4704.64
7/12/2009,4678.3
8/12/2009,4672.33
9/12/2009,4638.93
10/12/2009,4607.3
11/12/2009,4635.66
14/12/2009,4654
15/12/2009,4673.67
16/12/2009,4661.6
17/12/2009,4670.1
18/12/2009,4649.39
21/12/2009,4634.19
22/12/2009,4702.52
23/12/2009,4736.92
24/12/2009,4788.06
29/12/2009,4842.85
30/12/2009,4831.36
31/12/2009,4868.2
4/01/2010,4874.29
5/01/2010,4922.6
6/01/2010,4920.73
7/01/2010,4899.66
8/01/2010,4912.02
11/01/2010,4950.26
12/01/2010,4899.7
13/01/2010,4868.48
14/01/2010,4897.71
15/01/2010,4899.16
18/01/2010,4910.02
19/01/2010,4860.68
20/01/2010,4867.24
21/01/2010,4825.17
22/01/2010,4748.52
25/01/2010,4716.07
27/01/2010,4643.07
28/01/2010,4671.51
29/01/2010,4567.86
1/02/2010,4519.78
2/02/2010,4601.64
3/02/2010,4643.85
4/02/2010,4616.86
5/02/2010,4508.75
8/02/2010,4516.03
9/02/2010,4498.79
10/02/2010,4507.42
11/02/2010,4549.47
12/02/2010,4558.41
15/02/2010,4540.86
16/02/2010,4562.72
17/02/2010,4662.13
18/02/2010,4649.19
19/02/2010,4629.54
22/02/2010,4711.28
23/02/2010,4711.94
24/02/2010,4642.88
25/02/2010,4588.51
26/02/2010,4631.09
1/03/2010,4679.14
2/03/2010,4694.55
3/03/2010,4727.61
4/03/2010,4742.7
5/03/2010,4759.05
8/03/2010,4800.57
9/03/2010,4812.82
10/03/2010,4812.99
11/03/2010,4807.29
12/03/2010,4811.54
15/03/2010,4777.87
16/03/2010,4790.57
17/03/2010,4846.04
18/03/2010,4856.07
19/03/2010,4865.63
22/03/2010,4823.58
23/03/2010,4867.47
24/03/2010,4883.9
25/03/2010,4877.32
26/03/2010,4888.06
29/03/2010,4888.62
30/03/2010,4907.95
31/03/2010,4868.4
1/04/2010,4900.4
6/04/2010,4946.4
7/04/2010,4953.67
8/04/2010,4930.79
9/04/2010,4941.07
12/04/2010,4977.79
13/04/2010,4945.51
14/04/2010,4987.79
15/04/2010,4995.04
16/04/2010,4978.26
19/04/2010,4909.63
20/04/2010,4919.88
21/04/2010,4948.85
22/04/2010,4902.88
23/04/2010,4877.21
27/04/2010,4875.89
28/04/2010,4818.41
29/04/2010,4781.07
30/04/2010,4801.96
3/05/2010,4779.39
4/05/2010,4730.01
5/05/2010,4666.66
6/05/2010,4567.06
7/05/2010,4474.56
10/05/2010,4592.91
11/05/2010,4542.12
12/05/2010,4567.28
13/05/2010,4646.72
14/05/2010,4605.86
17/05/2010,4462.07
18/05/2010,4464.99
19/05/2010,4380.96
20/05/2010,4310.13
21/05/2010,4298.21
24/05/2010,4387.89
25/05/2010,4259.19
26/05/2010,4302.04
27/05/2010,4372.17
28/05/2010,4450.49
31/05/2010,4423.5
1/06/2010,4406.54
2/06/2010,4374.04
3/06/2010,4477.93
4/06/2010,4441.61
7/06/2010,4319.01
8/06/2010,4373.58
9/06/2010,4376.7
10/06/2010,4425.08
11/06/2010,4494.63
15/06/2010,4494.48
16/06/2010,4548.49
17/06/2010,4518.36
18/06/2010,4543.51
21/06/2010,4603.85
22/06/2010,4550.42
23/06/2010,4477.46
24/06/2010,4470.27
25/06/2010,4404.49
28/06/2010,4375.63
29/06/2010,4336.63
30/06/2010,4292.9
1/07/2010,4229.61
2/07/2010,4230.82
5/07/2010,4214.67
6/07/2010,4267.37
7/07/2010,4245.5
8/07/2010,4346.71
9/07/2010,4385.95
12/07/2010,4399.63
13/07/2010,4370.88
14/07/2010,4451.67
15/07/2010,4432.2
16/07/2010,4413.06
19/07/2010,4349.24
20/07/2010,4394.16
21/07/2010,4403.38
22/07/2010,4366.58
23/07/2010,4449.36
26/07/2010,4477.25
27/07/2010,4488.17
28/07/2010,4520.31
29/07/2010,4514.97
30/07/2010,4484.86
2/08/2010,4532.7
3/08/2010,4563.43
4/08/2010,4534.42
5/08/2010,4559.16
6/08/2010,4558.64
9/08/2010,4587.29
10/08/2010,4533.6
11/08/2010,4448.41
12/08/2010,4393.66
13/08/2010,4452.21
16/08/2010,4432.08
17/08/2010,4470.82
18/08/2010,4468.23
19/08/2010,4472.86
20/08/2010,4425.02
23/08/2010,4423.08
24/08/2010,4376.44
25/08/2010,4316.1
26/08/2010,4351.11
27/08/2010,4365.23
30/08/2010,4446.48
31/08/2010,4399.47
1/09/2010,4489.85
2/09/2010,4526.61
3/09/2010,4536.12
6/09/2010,4571.12
7/09/2010,4568.71
8/09/2010,4533.85
9/09/2010,4579.11
10/09/2010,4557.73
13/09/2010,4611.95
14/09/2010,4624.44
15/09/2010,4659.72
16/09/2010,4604.15
17/09/2010,4638.23
20/09/2010,4630.53
21/09/2010,4617.16
22/09/2010,4625.6
23/09/2010,4633.72
24/09/2010,4602.48
27/09/2010,4675.56
28/09/2010,4670.37
29/09/2010,4646.31
30/09/2010,4585.41
1/10/2010,4582.33
4/10/2010,4627.13
5/10/2010,4609.13
6/10/2010,4688.65
7/10/2010,4694.1
8/10/2010,4685.24
11/10/2010,4701.63
12/10/2010,4622.8
13/10/2010,4624.87
14/10/2010,4703.25
15/10/2010,4693.21
18/10/2010,4655.72
19/10/2010,4659.66
20/10/2010,4628.6
21/10/2010,4628.2
22/10/2010,4652.79
25/10/2010,4714.77
26/10/2010,4693.06
27/10/2010,4653.19
28/10/2010,4689.32
29/10/2010,4666.42
1/11/2010,4703.04
2/11/2010,4706.16
3/11/2010,4727.55
4/11/2010,4750.68
5/11/2010,4805.9
8/11/2010,4784.7
9/11/2010,4748.66
10/11/2010,4707.49
11/11/2010,4737.06
12/11/2010,4701.78
15/11/2010,4696.45
16/11/2010,4708.06
17/11/2010,4631.4
18/11/2010,4647.66
19/11/2010,4637.65
22/11/2010,4652.46
23/11/2010,4597.99
24/11/2010,4594.78
25/11/2010,4602.17
26/11/2010,4607.07
29/11/2010,4627.24
30/11/2010,4594.59
1/12/2010,4596.23
2/12/2010,4685.13
3/12/2010,4702.37
6/12/2010,4698.36
7/12/2010,4736.18
8/12/2010,4709.15
9/12/2010,4749.11
10/12/2010,4754.72
13/12/2010,4765.78
14/12/2010,4775.86
15/12/2010,4777.71
16/12/2010,4793.91
17/12/2010,4774.79
20/12/2010,4748.4
21/12/2010,4783.63
22/12/2010,4790.8
23/12/2010,4811.37
24/12/2010,4790.2
29/12/2010,4789.38
30/12/2010,4804.4
31/12/2010,4760.79
4/01/2011,4759.26
5/01/2011,4730.94
6/01/2011,4739.97
7/01/2011,4718.88
10/01/2011,4725.63
11/01/2011,4723.68
12/01/2011,4738.35
13/01/2011,4809.5
14/01/2011,4816.71
17/01/2011,4777.77
18/01/2011,4815.51
19/01/2011,4848.97
20/01/2011,4798.64
21/01/2011,4770.27
24/01/2011,4799.46
25/01/2011,4821
27/01/2011,4819.21
28/01/2011,4786.89
31/01/2011,4765.71
1/02/2011,4765.13
2/02/2011,4809.5
3/02/2011,4833.74
4/02/2011,4876.55
7/02/2011,4882.37
8/02/2011,4903.85
9/02/2011,4917.9
10/02/2011,4927.12
11/02/2011,4893.76
14/02/2011,4948.13
15/02/2011,4943.83
16/02/2011,4942.78
17/02/2011,4950.52
18/02/2011,4949.11
21/02/2011,4912.88
22/02/2011,4869.17
23/02/2011,4857.19
24/02/2011,4821.38
25/02/2011,4848.36
28/02/2011,4843.35
1/03/2011,4838.28
2/03/2011,4815.64
3/03/2011,4819.32
4/03/2011,4876.62
7/03/2011,4811.5
8/03/2011,4821.21
9/03/2011,4780.58
10/03/2011,4711.78
11/03/2011,4656.44
14/03/2011,4635.93
15/03/2011,4537.24
16/03/2011,4567.67
17/03/2011,4563.99
18/03/2011,4637.3
21/03/2011,4654.51
22/03/2011,4657
23/03/2011,4665.7
24/03/2011,4713.04
25/03/2011,4756.41
28/03/2011,4747.72
29/03/2011,4768.86
30/03/2011,4833.83
31/03/2011,4849.72
1/04/2011,4874.76
4/04/2011,4900.92
5/04/2011,4913.71
6/04/2011,4926.85
7/04/2011,4921.6
8/04/2011,4954.24
11/04/2011,4984.09
12/04/2011,4911.47
13/04/2011,4923.03
14/04/2011,4896.88
15/04/2011,4864.78
18/04/2011,4873.65
19/04/2011,4804.47
20/04/2011,4870.39
21/04/2011,4924.87
27/04/2011,4883.97
28/04/2011,4883.88
29/04/2011,4833.68
2/05/2011,4834.42
3/05/2011,4793.61
4/05/2011,4749.7
5/05/2011,4763.64
6/05/2011,4752.31
9/05/2011,4766.07
10/05/2011,4735.76
11/05/2011,4790.17
12/05/2011,4707.38
13/05/2011,4721.28
16/05/2011,4659.34
17/05/2011,4691.9
18/05/2011,4702.52
19/05/2011,4764.49
20/05/2011,4740.94
23/05/2011,4652.31
24/05/2011,4637.9
25/05/2011,4591.64
26/05/2011,4666.48
27/05/2011,4690.83
30/05/2011,4675.02
31/05/2011,4716.56
1/06/2011,4715.33
2/06/2011,4609
3/06/2011,4592.18
6/06/2011,4577.18
7/06/2011,4573.57
8/06/2011,4542.94
9/06/2011,4555.72
10/06/2011,4568.19
14/06/2011,4589.8
15/06/2011,4572.38
16/06/2011,4484.04
17/06/2011,4489.93
20/06/2011,4454.64
21/06/2011,4510.49
22/06/2011,4535.52
23/06/2011,4503.67
24/06/2011,4509.9
27/06/2011,4462.21
28/06/2011,4473.65
29/06/2011,4528.74
30/06/2011,4608
1/07/2011,4592.23
4/07/2011,4612.88
5/07/2011,4600.26
6/07/2011,4608.03
7/07/2011,4608.64
8/07/2011,4658.04
11/07/2011,4586.77
12/07/2011,4499.78
13/07/2011,4519.13
14/07/2011,4495.53
15/07/2011,4477.77
18/07/2011,4476.88
19/07/2011,4473.19
20/07/2011,4554.53
21/07/2011,4561.76
22/07/2011,4608.79
25/07/2011,4536.81
26/07/2011,4579.91
27/07/2011,4544.14
28/07/2011,4470.38
29/07/2011,4431.24
1/08/2011,4504.17
2/08/2011,4440.65
3/08/2011,4340.31
4/08/2011,4284.46
5/08/2011,4110.6
8/08/2011,3990.02
9/08/2011,4037.32
10/08/2011,4144.07
11/08/2011,4143.47
12/08/2011,4175.48
15/08/2011,4284.7
16/08/2011,4250.17
17/08/2011,4306.73
18/08/2011,4254.58
19/08/2011,4105.64
22/08/2011,4085.89
23/08/2011,4176.54
24/08/2011,4170.92
25/08/2011,4215.49
26/08/2011,4203.32
29/08/2011,4266.36
30/08/2011,4272.37
31/08/2011,4300.53
1/09/2011,4311.91
2/09/2011,4248.2
5/09/2011,4148.44
6/09/2011,4082.47
7/09/2011,4189.54
8/09/2011,4194.24
9/09/2011,4201.9
12/09/2011,4046.17
13/09/2011,4079.45
14/09/2011,4012.3
15/09/2011,4077.71
16/09/2011,4153.96
19/09/2011,4086.52
20/09/2011,4045.46
21/09/2011,4076.14
22/09/2011,3967.4
23/09/2011,3904.22
26/09/2011,3860.89
27/09/2011,4001.23
28/09/2011,4036.67
29/09/2011,4005.42
30/09/2011,4006.26
3/10/2011,3895.45
4/10/2011,3870.22
5/10/2011,3923.37
6/10/2011,4065.99
7/10/2011,4159.16
10/10/2011,4197.12
11/10/2011,4224.69
12/10/2011,4201.66
13/10/2011,4240.75
14/10/2011,4202.41
17/10/2011,4271.82
18/10/2011,4183.85
19/10/2011,4209.91
20/10/2011,4141.16
21/10/2011,4138.47
24/10/2011,4250.89
25/10/2011,4224.26
26/10/2011,4238.98
27/10/2011,4343.55
28/10/2011,4349.05
31/10/2011,4294.92
1/11/2011,4230.46
2/11/2011,4182.55
3/11/2011,4169.42
4/11/2011,4276.98
7/11/2011,4269.41
8/11/2011,4290.72
9/11/2011,4342.18
10/11/2011,4241.4
11/11/2011,4293.25
14/11/2011,4301.58
15/11/2011,4282.72
16/11/2011,4244.65
17/11/2011,4255.56
18/11/2011,4175.5
21/11/2011,4161.45
22/11/2011,4131.22
23/11/2011,4050.72
24/11/2011,4043.1
25/11/2011,3984.2
28/11/2011,4057.23
29/11/2011,4100.64
30/11/2011,4119.06
1/12/2011,4225.94
2/12/2011,4285.06
5/12/2011,4318.51
6/12/2011,4259.46
7/12/2011,4289.69
8/12/2011,4278.56
9/12/2011,4201.81
12/12/2011,4250.15
13/12/2011,4190.82
14/12/2011,4188.61
15/12/2011,4136.96
16/12/2011,4156.93
19/12/2011,4056.81
20/12/2011,4049.23
21/12/2011,4134.6
22/12/2011,4085.6
23/12/2011,4135.11
28/12/2011,4084.07
29/12/2011,4066.18
30/12/2011,4052.27
3/01/2012,4097.06
4/01/2012,4182.93
5/01/2012,4138.6
6/01/2012,4104.94
9/01/2012,4102.09
10/01/2012,4148.25
11/01/2012,4183.6
12/01/2012,4177.48
13/01/2012,4192.54
16/01/2012,4144.46
17/01/2012,4212.64
18/01/2012,4214.85
19/01/2012,4212.35
20/01/2012,4236.8
23/01/2012,4222
24/01/2012,4221.35
25/01/2012,4267.57
27/01/2012,4284.86
30/01/2012,4269.51
31/01/2012,4260.11
1/02/2012,4224.09
2/02/2012,4266.53
3/02/2012,4250.72
6/02/2012,4295.18
7/02/2012,4273.99
8/02/2012,4290.93
9/02/2012,4282.59
10/02/2012,4246.33
13/02/2012,4285.23
14/02/2012,4243.29
15/02/2012,4253.19
16/02/2012,4182.4
17/02/2012,4196.56
20/02/2012,4256.64
21/02/2012,4291.64
22/02/2012,4294.31
23/02/2012,4287.77
24/02/2012,4308.71
27/02/2012,4270.53
28/02/2012,4266.03
29/02/2012,4302.13
1/03/2012,4259.39
2/03/2012,4276.78
5/03/2012,4266.69
6/03/2012,4208.41
7/03/2012,4147.45
8/03/2012,4174.62
9/03/2012,4215.39
12/03/2012,4200.89
13/03/2012,4251.11
14/03/2012,4291.06
15/03/2012,4280.79
16/03/2012,4279.48
19/03/2012,4294.23
20/03/2012,4279.18
21/03/2012,4258.61
22/03/2012,4277.56
23/03/2012,4274.2
26/03/2012,4267.86
27/03/2012,4305.61
28/03/2012,4347.09
29/03/2012,4341.1
30/03/2012,4338.57
2/04/2012,4332.95
3/04/2012,4340.26
4/04/2012,4336.04
5/04/2012,4320.83
10/04/2012,4293.03
11/04/2012,4246.7
12/04/2012,4281.3
13/04/2012,4324.25
16/04/2012,4302.85
17/04/2012,4289.25
18/04/2012,4348.52
19/04/2012,4362.48
20/04/2012,4366.06
23/04/2012,4352.06
24/04/2012,4358.5
26/04/2012,4372.88
27/04/2012,4360.18
30/04/2012,4394.36
1/05/2012,4425.9
2/05/2012,4432.35
3/05/2012,4424.68
4/05/2012,4391.16
7/05/2012,4295.69
8/05/2012,4308.82
9/05/2012,4267.91
10/05/2012,4288.75
11/05/2012,4278.31
14/05/2012,4289.16
15/05/2012,4257.2
16/05/2012,4156.48
17/05/2012,4149.08
18/05/2012,4038.91
21/05/2012,4065.97
22/05/2012,4113.94
23/05/2012,4059.79
24/05/2012,4048.56
25/05/2012,4022.32
28/05/2012,4060.86
29/05/2012,4107.49
30/05/2012,4087.5
31/05/2012,4070.65
1/06/2012,4056.87
4/06/2012,3977.45
5/06/2012,4035.96
6/06/2012,4048.31
7/06/2012,4101.07
8/06/2012,4055.7
12/06/2012,4063.91
13/06/2012,4055.26
14/06/2012,4033.75
15/06/2012,4049.7
18/06/2012,4127.88
19/06/2012,4114.05
20/06/2012,4122.43
21/06/2012,4078.21
22/06/2012,4038.47
25/06/2012,4017.95
26/06/2012,4002.92
27/06/2012,4032.25
28/06/2012,4033.77
29/06/2012,4083.98
2/07/2012,4122.42
3/07/2012,4116.89
4/07/2012,4162.77
5/07/2012,4159.54
6/07/2012,4148.64
9/07/2012,4108.78
10/07/2012,4088.25
11/07/2012,4086.21
12/07/2012,4057.5
13/07/2012,4071.29
16/07/2012,4094.64
17/07/2012,4129.26
18/07/2012,4111.7
19/07/2012,4193.35
20/07/2012,4186.42
23/07/2012,4116.75
24/07/2012,4120.71
25/07/2012,4111.27
26/07/2012,4134.93
27/07/2012,4196.49
30/07/2012,4231.64
31/07/2012,4254.68
1/08/2012,4248.07
2/08/2012,4254.93
3/08/2012,4207.36
6/08/2012,4258.09
7/08/2012,4276.59
8/08/2012,4297.91
9/08/2012,4294.08
10/08/2012,4263.6
13/08/2012,4269.67
14/08/2012,4277.99
15/08/2012,4267.01
16/08/2012,4315.72
17/08/2012,4356.51
20/08/2012,4351.8
21/08/2012,4371.12
22/08/2012,4363.39
23/08/2012,4371.76
24/08/2012,4337.08
27/08/2012,4332.18
28/08/2012,4346.88
29/08/2012,4343.52
30/08/2012,4301.93
31/08/2012,4301.93
3/09/2012,4315.68
4/09/2012,4289.45
5/09/2012,4264
6/09/2012,4298.25
7/09/2012,4311.88
10/09/2012,4320.86
11/09/2012,4312.75
12/09/2012,4348.44
13/09/2012,4326.46
14/09/2012,4377.08
17/09/2012,4389.87
18/09/2012,4381.75
19/09/2012,4405.08
20/09/2012,4384.18
21/09/2012,4395.31
24/09/2012,4372.61
25/09/2012,4359.21
26/09/2012,4347.16
27/09/2012,4369.27
28/09/2012,4372.43
1/10/2012,4374.11
2/10/2012,4418.42
3/10/2012,4424.18
4/10/2012,4437.9
5/10/2012,4479.69
8/10/2012,4466.98
9/10/2012,4490.22
10/10/2012,4475.59
11/10/2012,4468.38
12/10/2012,4471.82
15/10/2012,4468.07
16/10/2012,4475.56
17/10/2012,4512.53
18/10/2012,4543.27
19/10/2012,4554.87
22/10/2012,4525.17
23/10/2012,4527.34
24/10/2012,4490.17
25/10/2012,4494.54
26/10/2012,4456.4
29/10/2012,4460.36
30/10/2012,4468.02
31/10/2012,4498.99
1/11/2012,4440.83
2/11/2012,4443.53
5/11/2012,4456.31
6/11/2012,4466.65
7/11/2012,4498.3
8/11/2012,4465.73
9/11/2012,4444.42
12/11/2012,4430.75
13/11/2012,4363.34
14/11/2012,4370.71
15/11/2012,4331.49
16/11/2012,4319.69
19/11/2012,4343.82
20/11/2012,4367.85
21/11/2012,4351.69
22/11/2012,4394.72
23/11/2012,4394.82
26/11/2012,4406.05
27/11/2012,4437.58
28/11/2012,4427.52
29/11/2012,4456.64
30/11/2012,4484.98
3/12/2012,4509.61
4/12/2012,4481.37
5/12/2012,4497.88
6/12/2012,4486.59
7/12/2012,4528.48
10/12/2012,4534.84
11/12/2012,4552.98
12/12/2012,4560.97
13/12/2012,4560.38
14/12/2012,4560.81
17/12/2012,4551.66
18/12/2012,4573.57
19/12/2012,4596.28
20/12/2012,4611.88
21/12/2012,4600.78
24/12/2012,4611.8
27/12/2012,4624.93
28/12/2012,4647.97
31/12/2012,4626.28
2/01/2013,4683.5
3/01/2013,4719.25
4/01/2013,4702.18
7/01/2013,4695.9
8/01/2013,4669.15
9/01/2013,4686.9
10/01/2013,4702.07
11/01/2013,4689.24
14/01/2013,4699.19
15/01/2013,4696.15
16/01/2013,4718.18
17/01/2013,4735.83
18/01/2013,4750.28
21/01/2013,4756.74
22/01/2013,4757.95
23/01/2013,4767.18
24/01/2013,4789.61
25/01/2013,4814.19
29/01/2013,4866.7
30/01/2013,4874.72
31/01/2013,4856.2
1/02/2013,4897.67
4/02/2013,4884.19
5/02/2013,4858.9
6/02/2013,4897.16
7/02/2013,4911.62
8/02/2013,4946.5
11/02/2013,4934.99
12/02/2013,4934.66
13/02/2013,4978.42
14/02/2013,5011.34
15/02/2013,5008.8
18/02/2013,5038.1
19/02/2013,5055.89
20/02/2013,5072.1
21/02/2013,4953.83
22/02/2013,4991.93
25/02/2013,5029.02
26/02/2013,4977.69
27/02/2013,5010.23
28/02/2013,5077.15
1/03/2013,5059
4/03/2013,4983.73
5/03/2013,5047.32
6/03/2013,5088.53
7/03/2013,5081.14
8/03/2013,5095.48
11/03/2013,5118.92
12/03/2013,5089.7
13/03/2013,5064.16
14/03/2013,5004.37
15/03/2013,5091.41
18/03/2013,4987.27
19/03/2013,4961.17
20/03/2013,4940.36
21/03/2013,4932.29
22/03/2013,4939.25
25/03/2013,4961.28
26/03/2013,4922.04
27/03/2013,4965.85
28/03/2013,4937.92
2/04/2013,4955.63
3/04/2013,4926.4
4/04/2013,4881.29
5/04/2013,4860.41
8/04/2013,4874.2
9/04/2013,4943.8
10/04/2013,4935.68
11/04/2013,4973.58
12/04/2013,4979.84
15/04/2013,4933.07
16/04/2013,4914.02
17/04/2013,4966.15
18/04/2013,4885.76
19/04/2013,4894.49
22/04/2013,4928.36
23/04/2013,4976.39
24/04/2013,5061.02
26/04/2013,5057.78
29/04/2013,5085.29
30/04/2013,5149.35
1/05/2013,5124.39
2/05/2013,5086.72
3/05/2013,5086.38
6/05/2013,5112.78
7/05/2013,5100.53
8/05/2013,5155.93
9/05/2013,5156.23
10/05/2013,5164.81
13/05/2013,5168.75
14/05/2013,5178.69
15/05/2013,5149.59
16/05/2013,5122.07
17/05/2013,5137.18
20/05/2013,5164.06
21/05/2013,5135.46
22/05/2013,5120.54
23/05/2013,5018.06
24/05/2013,4940.24
27/05/2013,4915.82
28/05/2013,4927.34
29/05/2013,4932.45
30/05/2013,4888.92
31/05/2013,4885.56
3/06/2013,4846.85
4/06/2013,4859.4
5/06/2013,4795
6/06/2013,4741.85
7/06/2013,4698.65
11/06/2013,4717.74
12/06/2013,4685.38
13/06/2013,4656.35
14/06/2013,4750.47
17/06/2013,4783.99
18/06/2013,4772.67
19/06/2013,4818.37
20/06/2013,4717.69
21/06/2013,4697.64
24/06/2013,4626.95
25/06/2013,4613.18
26/06/2013,4688.24
27/06/2013,4766.45
28/06/2013,4758.5
1/07/2013,4668.41
2/07/2013,4790.82
3/07/2013,4703.3
4/07/2013,4753.64
5/07/2013,4800.27
8/07/2013,4768.8
9/07/2013,4839.93
10/07/2013,4858.91
11/07/2013,4922.54
12/07/2013,4931.14
15/07/2013,4938.26
16/07/2013,4943.23
17/07/2013,4939.64
18/07/2013,4951.3
19/07/2013,4930.64
22/07/2013,4960.95
23/07/2013,4976.33
24/07/2013,4994.27
25/07/2013,4994.04
26/07/2013,4999.94
29/07/2013,5003.68
30/07/2013,5003.9
31/07/2013,5010.18
1/08/2013,5019.07
2/08/2013,5072.8
5/08/2013,5067.17
6/08/2013,5061.33
7/08/2013,4968.43
8/08/2013,5021.1
9/08/2013,5011.96
12/08/2013,5065.41
13/08/2013,5114.29
14/08/2013,5113.77
15/08/2013,5109.48
16/08/2013,5072.2
19/08/2013,5071.4
20/08/2013,5037.44
21/08/2013,5058.72
22/08/2013,5034.13
23/08/2013,5081.45
26/08/2013,5094.27
27/08/2013,5099.76
28/08/2013,5046.98
29/08/2013,5050.81
30/08/2013,5093.48
2/09/2013,5145.92
3/09/2013,5154.44
4/09/2013,5120.82
5/09/2013,5101.78
6/09/2013,5104.58
9/09/2013,5140.26
10/09/2013,5159.19
11/09/2013,5191.39
12/09/2013,5199.17
13/09/2013,5176.24
16/09/2013,5204.3
17/09/2013,5207.32
18/09/2013,5193.98
19/09/2013,5250.69
20/09/2013,5232.04
23/09/2013,5207.71
24/09/2013,5189.92
25/09/2013,5231.17
26/09/2013,5249.45
27/09/2013,5261.5
30/09/2013,5174.93
1/10/2013,5162.89
2/10/2013,5171.81
3/10/2013,5190.78
4/10/2013,5164.27
7/10/2013,5117.6
8/10/2013,5106.22
9/10/2013,5109.15
10/10/2013,5103.78
11/10/2013,5186.24
14/10/2013,5163.28
15/10/2013,5214.01
16/10/2013,5217.1
17/10/2013,5237.48
18/10/2013,5275.16
21/10/2013,5305.64
22/10/2013,5327.4
23/10/2013,5311.15
24/10/2013,5327.58
25/10/2013,5341.41
28/10/2013,5395.25
29/10/2013,5369.67
30/10/2013,5383.95
31/10/2013,5377.7
1/11/2013,5362.84
4/11/2013,5342.09
5/11/2013,5383.06
6/11/2013,5384.64
7/11/2013,5373.07
8/11/2013,5352.48
11/11/2013,5338.38
12/11/2013,5343.77
13/11/2013,5271.77
14/11/2013,5307.38
15/11/2013,5352.85
18/11/2013,5335.35
19/11/2013,5304.34
20/11/2013,5260.28
21/11/2013,5240.81
22/11/2013,5287.4
25/11/2013,5303.03
26/11/2013,5307.28
27/11/2013,5282.65
28/11/2013,5284.11
29/11/2013,5271.19
2/12/2013,5231.09
3/12/2013,5207.29
4/12/2013,5224.28
5/12/2013,5150.1
6/12/2013,5138.98
9/12/2013,5098.12
10/12/2013,5096.89
11/12/2013,5058.32
12/12/2013,5017.52
13/12/2013,5052.5
16/12/2013,5044.12
17/12/2013,5057.49
18/12/2013,5050.45
19/12/2013,5154.51
20/12/2013,5215.81
23/12/2013,5243.71
24/12/2013,5278.45
27/12/2013,5275.8
30/12/2013,5309.25
31/12/2013,5304.81
2/01/2014,5320.8
3/01/2014,5302.9
6/01/2014,5277.79
7/01/2014,5269.95
8/01/2014,5268.67
9/01/2014,5277.31
10/01/2014,5265.32
13/01/2014,5245.72
14/01/2014,5166.85
15/01/2014,5199.77
16/01/2014,5262.29
17/01/2014,5259.46
20/01/2014,5249.5
21/01/2014,5285.45
22/01/2014,5274.57
23/01/2014,5218.27
24/01/2014,5197.14
28/01/2014,5130.95
29/01/2014,5183.84
30/01/2014,5143.31
31/01/2014,5145.78
3/02/2014,5143.08
4/02/2014,5053.87
5/02/2014,5027.59
6/02/2014,5087.12
7/02/2014,5123.06
10/02/2014,5177.29
11/02/2014,5209.24
12/02/2014,5263.62
13/02/2014,5262.1
14/02/2014,5309.53
17/02/2014,5336.15
18/02/2014,5345.43
19/02/2014,5360.32
20/02/2014,5363.93
21/02/2014,5390.77
24/02/2014,5392.22
25/02/2014,5385.84
26/02/2014,5388.11
27/02/2014,5362.39
28/02/2014,5356.52
3/03/2014,5336.7
4/03/2014,5352.11
5/03/2014,5397.69
6/03/2014,5397.54
7/03/2014,5413.76
10/03/2014,5364.35
11/03/2014,5365.74
12/03/2014,5336.75
13/03/2014,5365.34
14/03/2014,5283.23
17/03/2014,5271.98
18/03/2014,5297.98
19/03/2014,5309.41
20/03/2014,5247.91
21/03/2014,5290.33
24/03/2014,5298.29
25/03/2014,5286.94
26/03/2014,5325.14
27/03/2014,5298.57
28/03/2014,5314.99
31/03/2014,5342.18
1/04/2014,5335.28
2/04/2014,5349.05
3/04/2014,5355.91
4/04/2014,5368.49
7/04/2014,5359.1
8/04/2014,5355.25
9/04/2014,5407.58
10/04/2014,5424.52
11/04/2014,5372.96
14/04/2014,5304.24
15/04/2014,5332.48
16/04/2014,5363.86
17/04/2014,5396.93
22/04/2014,5420.94
23/04/2014,5458.92
24/04/2014,5471.91
28/04/2014,5476.44
29/04/2014,5427.74
30/04/2014,5430.79
1/05/2014,5391.07
2/05/2014,5399.63
5/05/2014,5403.8
6/05/2014,5423.12
7/05/2014,5378.74
8/05/2014,5417.61
9/05/2014,5402.07
12/05/2014,5388.98
13/05/2014,5437.4
14/05/2014,5436.62
15/05/2014,5450.5
16/05/2014,5419.5
19/05/2014,5350.54
20/05/2014,5361.05
21/05/2014,5364.8
22/05/2014,5419.23
23/05/2014,5431.93
26/05/2014,5451.88
27/05/2014,5451.16
28/05/2014,5466.44
29/05/2014,5459.07
30/05/2014,5432.93
2/06/2014,5458.38
3/06/2014,5420.01
4/06/2014,5386.01
5/06/2014,5377.94
6/06/2014,5404.52
10/06/2014,5409.69
11/06/2014,5394.47
12/06/2014,5369.57
13/06/2014,5346.73
16/06/2014,5353.62
17/06/2014,5341.99
18/06/2014,5324.58
19/06/2014,5408.7
20/06/2014,5362.43
23/06/2014,5395.45
24/06/2014,5375.91
25/06/2014,5345.85
26/06/2014,5407.01
27/06/2014,5388.27
30/06/2014,5339.86
1/07/2014,5321.71
2/07/2014,5399.35
3/07/2014,5435.17
4/07/2014,5468.16
7/07/2014,5462.44
8/07/2014,5454.53
9/07/2014,5398.08
10/07/2014,5410.86
11/07/2014,5432.57
14/07/2014,5455.44
15/07/2014,5455.11
16/07/2014,5462.45
17/07/2014,5466.12
18/07/2014,5476.06
21/07/2014,5484.15
22/07/2014,5487.41
23/07/2014,5520.97
24/07/2014,5530.97
25/07/2014,5527.31
28/07/2014,5521.69
29/07/2014,5532.28
30/07/2014,5566.13
31/07/2014,5575.08
1/08/2014,5499.44
4/08/2014,5484.6
5/08/2014,5462.45
6/08/2014,5455.79
7/08/2014,5453.36
8/08/2014,5381.92
11/08/2014,5402.65
12/08/2014,5474.91
13/08/2014,5459.67
14/08/2014,5493.57
15/08/2014,5511.19
18/08/2014,5531.53
19/08/2014,5567.72
20/08/2014,5578.22
21/08/2014,5582.75
22/08/2014,5589.35
25/08/2014,5578.62
26/08/2014,5580.8
27/08/2014,5594.22
28/08/2014,5568.03
29/08/2014,5569.75
1/09/2014,5573.65
2/09/2014,5601.47
3/09/2014,5599.16
4/09/2014,5575.2
5/09/2014,5542.84
8/09/2014,5521.75
9/09/2014,5551.74
10/09/2014,5518.77
11/09/2014,5491.19
12/09/2014,5476.44
15/09/2014,5419.97
16/09/2014,5391.72
17/09/2014,5354.26
18/09/2014,5362.01
19/09/2014,5379.02
22/09/2014,5310
23/09/2014,5360.71
24/09/2014,5321.93
25/09/2014,5327.8
26/09/2014,5260.58
29/09/2014,5212.55
30/09/2014,5240.49
1/10/2014,5280.45
2/10/2014,5244.41
3/10/2014,5263.87
6/10/2014,5239.17
7/10/2014,5231.26
8/10/2014,5187.95
9/10/2014,5242.22
10/10/2014,5134.89
13/10/2014,5102.51
14/10/2014,5153.35
15/10/2014,5190.27
16/10/2014,5198.54
17/10/2014,5214.69
20/10/2014,5261.61
21/10/2014,5267.13
22/10/2014,5326.85
23/10/2014,5324.19
24/10/2014,5352.82
27/10/2014,5398.51
28/10/2014,5391.46
29/10/2014,5386.91
30/10/2014,5414.22
31/10/2014,5463.16
3/11/2014,5443.33
4/11/2014,5456.32
5/11/2014,5453.49
6/11/2014,5441
7/11/2014,5483.17
10/11/2014,5459.96
11/11/2014,5452.72
12/11/2014,5400.21
13/11/2014,5380.11
14/11/2014,5391.39
17/11/2014,5351.27
18/11/2014,5338.79
19/11/2014,5309.27
20/11/2014,5258.24
21/11/2014,5246.79
24/11/2014,5303.1
25/11/2014,5275.91
26/11/2014,5336.24
27/11/2014,5339.54
28/11/2014,5253.25
1/12/2014,5148.01
2/12/2014,5219.2
3/12/2014,5259.62
4/12/2014,5305.17
5/12/2014,5272.73
8/12/2014,5308.74
9/12/2014,5219.91
10/12/2014,5197.41
11/12/2014,5169.55
12/12/2014,5158.09
15/12/2014,5125.1
16/12/2014,5092.35
17/12/2014,5101.78
18/12/2014,5150.48
19/12/2014,5275.93
22/12/2014,5377.17
23/12/2014,5317.19
24/12/2014,5330.87
29/12/2014,5408.86
30/12/2014,5353.77
31/12/2014,5348.93
2/01/2015,5374.07
5/01/2015,5388.36
6/01/2015,5305.15
7/01/2015,5294.05
8/01/2015,5320.98
9/01/2015,5403.03
12/01/2015,5361.55
13/01/2015,5344.12
14/01/2015,5293.77
15/01/2015,5271.8
16/01/2015,5240.71
19/01/2015,5250.43
20/01/2015,5248.84
21/01/2015,5332.45
22/01/2015,5357.69
23/01/2015,5437.5
27/01/2015,5481.16
28/01/2015,5486.58
29/01/2015,5502.85
30/01/2015,5521.21
2/02/2015,5557.62
3/02/2015,5637.7
4/02/2015,5706.52
5/02/2015,5739.75
6/02/2015,5749.06
9/02/2015,5743.97
10/02/2015,5730.3
11/02/2015,5700.39
12/02/2015,5675.46
13/02/2015,5806.8
16/02/2015,5819.22
17/02/2015,5790.12
18/02/2015,5845.79
19/02/2015,5835.29
20/02/2015,5813.07
23/02/2015,5838.81
24/02/2015,5856.52
25/02/2015,5874.67
26/02/2015,5840.27
27/02/2015,5860.03
2/03/2015,5889.68
3/03/2015,5865.25
4/03/2015,5833.17
5/03/2015,5835.75
6/03/2015,5830.45
9/03/2015,5754.01
10/03/2015,5756.59
11/03/2015,5725.82
12/03/2015,5781.38
13/03/2015,5747.48
16/03/2015,5731.08
17/03/2015,5774.26
18/03/2015,5773.83
19/03/2015,5880.03
20/03/2015,5903.95
23/03/2015,5886.74
24/03/2015,5899.76
25/03/2015,5904.1
26/03/2015,5812.21
27/03/2015,5851.31
30/03/2015,5778.53
31/03/2015,5823.48
1/04/2015,5793.79
2/04/2015,5831.08
7/04/2015,5856.87
8/04/2015,5890.89
9/04/2015,5862.73
10/04/2015,5897.61
13/04/2015,5890.12
14/04/2015,5876.81
15/04/2015,5839.12
16/04/2015,5877.56
17/04/2015,5810.04
20/04/2015,5766.67
21/04/2015,5804.66
22/04/2015,5771.26
23/04/2015,5777.95
24/04/2015,5864.52
27/04/2015,5912.73
28/04/2015,5879.52
29/04/2015,5773.37
30/04/2015,5726.32
1/05/2015,5750.58
4/05/2015,5764.61
5/05/2015,5764.17
6/05/2015,5633.54
7/05/2015,5587.82
8/05/2015,5577.28
11/05/2015,5568.24
12/05/2015,5616.41
13/05/2015,5655.49
14/05/2015,5637.53
15/05/2015,5675.65
18/05/2015,5601.75
19/05/2015,5559.68
20/05/2015,5554.59
21/05/2015,5604.76
22/05/2015,5607.42
25/05/2015,5662.29
26/05/2015,5713.31
27/05/2015,5666.17
28/05/2015,5654.12
29/05/2015,5716.05
1/06/2015,5674.6
2/06/2015,5578.12
3/06/2015,5526.45
4/06/2015,5448.54
5/06/2015,5442.43
9/06/2015,5415.55
10/06/2015,5422.47
11/06/2015,5499.28
12/06/2015,5488.44
15/06/2015,5480.45
16/06/2015,5477.43
17/06/2015,5535.45
18/06/2015,5466.63
19/06/2015,5536.95
22/06/2015,5548.56
23/06/2015,5620.91
24/06/2015,5623.36
25/06/2015,5570.46
26/06/2015,5485.67
29/06/2015,5364.69
30/06/2015,5400.52
1/07/2015,5456.44
2/07/2015,5538.57
3/07/2015,5478.3
6/07/2015,5415.2
7/07/2015,5518.86
8/07/2015,5409.2
9/07/2015,5410.46
10/07/2015,5431.58
13/07/2015,5412.72
14/07/2015,5514.92
15/07/2015,5573.08
16/07/2015,5605.56
17/07/2015,5606.61
20/07/2015,5622.35
21/07/2015,5641.48
22/07/2015,5553.21
23/07/2015,5528.85
24/07/2015,5504.58
27/07/2015,5527.4
28/07/2015,5521.52
29/07/2015,5559.78
30/07/2015,5604.28
31/07/2015,5633.27
3/08/2015,5614.31
4/08/2015,5632.55
5/08/2015,5609.5
6/08/2015,5547.05
7/08/2015,5414.41
10/08/2015,5447.49
11/08/2015,5412.9
12/08/2015,5323.86
13/08/2015,5329.44
14/08/2015,5298.57
17/08/2015,5308.91
18/08/2015,5246.34
19/08/2015,5321.53
20/08/2015,5232.65
21/08/2015,5160.62
24/08/2015,4950.11
25/08/2015,5082.63
26/08/2015,5117.01
27/08/2015,5177.22
28/08/2015,5207.89
31/08/2015,5152.73
1/09/2015,5044.62
2/09/2015,5048.86
3/09/2015,4976.41
4/09/2015,4989.48
7/09/2015,4979.16
8/09/2015,5062.03
9/09/2015,5166.51
10/09/2015,5043.42
11/09/2015,5020.73
14/09/2015,5045.31
15/09/2015,4969.61
16/09/2015,5048.52
17/09/2015,5095.03
18/09/2015,5118
21/09/2015,5016.76
22/09/2015,5052.91
23/09/2015,4949.99
24/09/2015,5022.21
25/09/2015,4994.02
28/09/2015,5063.84
29/09/2015,4873.44
30/09/2015,4973.99
1/10/2015,5061.41
2/10/2015,5003.46
5/10/2015,5099.86
6/10/2015,5116.3
7/10/2015,5145.95
8/10/2015,5158.92
9/10/2015,5227.38
12/10/2015,5182.46
13/10/2015,5152.37
14/10/2015,5146.8
15/10/2015,5179.49
16/10/2015,5217.01
19/10/2015,5218.85
20/10/2015,5185.49
21/10/2015,5199.69
22/10/2015,5214.59
23/10/2015,5301.48
26/10/2015,5298.9
27/10/2015,5296.96
28/10/2015,5285.7
29/10/2015,5218.44
30/10/2015,5192.34
2/11/2015,5120.82
3/11/2015,5192.61
4/11/2015,5195.97
5/11/2015,5148.13
6/11/2015,5169.89
9/11/2015,5076.65
10/11/2015,5056.2
11/11/2015,5079.22
12/11/2015,5082.33
13/11/2015,5009.27
16/11/2015,4963.38
17/11/2015,5074.33
18/11/2015,5089.16
19/11/2015,5195.23
20/11/2015,5209.33
23/11/2015,5228.98
24/11/2015,5179.57
25/11/2015,5147.67
26/11/2015,5163.98
27/11/2015,5155.85
30/11/2015,5120.93
1/12/2015,5218.03
2/12/2015,5210.25
3/12/2015,5181.19
4/12/2015,5106.55
7/12/2015,5111.14
8/12/2015,5064.87
9/12/2015,5037.25
10/12/2015,4994.9
11/12/2015,4987.19
14/12/2015,4888.44
15/12/2015,4869.79
16/12/2015,4984.88
17/12/2015,5057.18
18/12/2015,5062.43
21/12/2015,5064.99
22/12/2015,5073.12
23/12/2015,5097.9
24/12/2015,5162.52
29/12/2015,5221.42
30/12/2015,5272.26
31/12/2015,5249.09
4/01/2016,5224.96
5/01/2016,5141.05
6/01/2016,5080.4
7/01/2016,4969.94
8/01/2016,4950.81
11/01/2016,4892.31
12/01/2016,4885.01
13/01/2016,4945.49
14/01/2016,4868.69
15/01/2016,4852.3
18/01/2016,4818.13
19/01/2016,4861.73
20/01/2016,4801.51
21/01/2016,4823.87
22/01/2016,4874.48
25/01/2016,4962.8
27/01/2016,4905.1
28/01/2016,4934.78
29/01/2016,4962.79
1/02/2016,5000.16
2/02/2016,4950.81
3/02/2016,4835.69
4/02/2016,4936.39
5/02/2016,4933.19
8/02/2016,4932.07
9/02/2016,4791.62
10/02/2016,4735.31
11/02/2016,4779.84
12/02/2016,4725.01
15/02/2016,4801.07
16/02/2016,4866.37
17/02/2016,4840.97
18/02/2016,4949.09
19/02/2016,4910.72
22/02/2016,4958.68
23/02/2016,4938.41
24/02/2016,4836.85
25/02/2016,4840.89
26/02/2016,4840.91
29/02/2016,4841.56
1/03/2016,4883.22
2/03/2016,4979.87
3/03/2016,5039.28
4/03/2016,5049.27
7/03/2016,5101.04
8/03/2016,5066.78
9/03/2016,5114.27
10/03/2016,5107.93
11/03/2016,5124.06
14/03/2016,5142.67
15/03/2016,5069.72
16/03/2016,5077.18
17/03/2016,5126.12
18/03/2016,5140.64
21/03/2016,5124.09
22/03/2016,5125.26
23/03/2016,5100.76
24/03/2016,5043.49
29/03/2016,4965.95
30/03/2016,4972.36
31/03/2016,5043.62
1/04/2016,4962.58
4/04/2016,4958.32
5/04/2016,4888.41
6/04/2016,4909.81
7/04/2016,4928.05
8/04/2016,4902.57
11/04/2016,4897.19
12/04/2016,4940.13
13/04/2016,5016.46
14/04/2016,5079.61
15/04/2016,5117.28
18/04/2016,5097.12
19/04/2016,5147.34
20/04/2016,5173.61
21/04/2016,5230.16
22/04/2016,5194.49
26/04/2016,5178.96
27/04/2016,5146.88
28/04/2016,5184.11
29/04/2016,5210.33
2/05/2016,5203.13
3/05/2016,5310.79
4/05/2016,5230.04
5/05/2016,5238.65
6/05/2016,5252.2
9/05/2016,5281.2
10/05/2016,5301.47
11/05/2016,5331.6
12/05/2016,5318.99
13/05/2016,5289.44
16/05/2016,5317.37
17/05/2016,5353.58
18/05/2016,5314.49
19/05/2016,5281.41
20/05/2016,5309.64
23/05/2016,5278.48
24/05/2016,5255.63
25/05/2016,5330.46
26/05/2016,5346.77